<?xml version="1.0" encoding="UTF-8"?>
<beans:beans xmlns="http://www.springframework.org/schema/mvc"
	xmlns:xsi="http://www.w3.org/2001/XMLSchema-instance"
	xmlns:beans="http://www.springframework.org/schema/beans"
	xmlns:context="http://www.springframework.org/schema/context"
	xsi:schemaLocation="http://www.springframework.org/schema/mvc https://www.springframework.org/schema/mvc/spring-mvc.xsd
		http://www.springframework.org/schema/beans https://www.springframework.org/schema/beans/spring-beans.xsd
		http://www.springframework.org/schema/context https://www.springframework.org/schema/context/spring-context.xsd">

	<!-- DispatcherServlet Context: defines this servlet's request-processing infrastructure -->
	
	<!-- Enables the Spring MVC @Controller programming model -->
	<annotation-driven />

	<!-- Handles HTTP GET requests for /resources/** by efficiently serving up static resources in the ${webappRoot}/resources directory -->
	<resources mapping="/resources/**" location="/resources/" />
	<resources mapping="/inc/**" location="/inc/" />
	<resources mapping="/img/**" location="/img/" />
	<resources mapping="/js/**" location="/js/" />
	<resources mapping="/css/**" location="/css/" />

	<!-- Resolves views selected for rendering by @Controllers to .jsp resources in the /WEB-INF/views directory -->
	<beans:bean class="org.springframework.web.servlet.view.InternalResourceViewResolver">
		<beans:property name="prefix" value="/WEB-INF/views/" />
		<beans:property name="suffix" value=".jsp" />
	</beans:bean>
	
	<context:component-scan base-package="com.finalproject.itda" />
		
	<!-- 오라클 드라이브, 서버위치, 계정, 비밀번호 -->
	<beans:bean name="dataSource" class="org.springframework.jdbc.datasource.DriverManagerDataSource">
		<beans:property name="driverClassName" value="oracle.jdbc.driver.OracleDriver"></beans:property>
		<beans:property name="url" value="jdbc:oracle:thin:@localhost:1521:xe"></beans:property>
		<beans:property name="username" value="c##scott"></beans:property>
		<beans:property name="password" value="tiger"></beans:property>
	</beans:bean>
	
	<!-- Mybatis Framework를 사용할때 필요한 DataSource객체와 xml 매핑파일 위치를 이용하여 SqlSessionFactory객체를 생성한다. -->
	<beans:bean name="sqlSessionFactory" class="org.mybatis.spring.SqlSessionFactoryBean">
		<beans:property name="dataSource" ref="dataSource"></beans:property>
		<beans:property name="mapperLocations">
			<beans:list>
				<beans:value>classpath:com/bitcamp/myhome/mapper/*.xml</beans:value><!-- 경로가 1개이상이여도 문제없다 아래다 똑같이 추가하면 됨 -->
			</beans:list>
		</beans:property>
	</beans:bean>
	<!-- Mybatis객체 생성 -->
	<beans:bean name="sqlSession" class="org.mybatis.spring.SqlSessionTemplate">
		<beans:constructor-arg index="0" ref="sqlSessionFactory"></beans:constructor-arg>
	</beans:bean>
	
	
</beans:beans>
